sequence,strand,PAMloc,prim_TSS_dist5p,prim_TSS_dist3p,sec_TSS_dist5p,sec_TSS_dist3p,score
GCTCGCGGAGCCCAAGTGCAAT,-1,11963154,-105,-105,264,264,0.5828442395353035
GGATGGCTAGTGAACAGAGGTGCTC,-1,11963076,-27,-27,342,342,0.569081211084175
GTCTAAAATCGGCAAACTGT,1,11962602,447,447,816,816,0.5443636812313917
GCGTCTAAAATCGGCAAACTGT,1,11962602,447,447,816,816,0.5438232748067666
GATAGAAATCTACGTACCT,-1,11962940,109,109,478,478,0.5375576559600758
GTGCTCTGGAGTCTCTCTCTGTGTG,-1,11963095,-46,-46,323,323,0.534594172506651
GGCTAGTGAACAGAGGTGCTC,-1,11963076,-27,-27,342,342,0.49911870306396694
GGAAAACAGAAGAAAATC,-1,11962054,995,995,1364,1364,0.48267949135002836
GCTCTGGAGTCTCTCTCTGTGTG,-1,11963095,-46,-46,323,323,0.4815903347160946
GCGGAGCCCAAGTGCAAT,-1,11963154,-105,-105,264,264,0.46798048593662356
GCTAGTGAACAGAGGTGCTC,-1,11963076,-27,-27,342,342,0.4593767389156824
GATGGCTAGTGAACAGAGGTGCTC,-1,11963076,-27,-27,342,342,0.45466930371172437
GCAATTGGTGTGCTCTCTCT,-1,11963169,-120,-120,249,249,0.4533596284017232
GGATAGAAATCTACGTACCT,-1,11962940,109,109,478,478,0.4496231551591141
GAGGGAAAACAGAAGAAAAT,-1,11962053,996,996,1365,1365,0.4492192086832834
GAGTCTCTCTCTGTGTGT,-1,11963096,-47,-47,322,322,0.4441844783952446
GAGGGATGGCTAGTGAACAG,-1,11963068,-19,-19,350,350,0.43954994600575564
GGCCCGAAATCTCAAAAT,-1,11964004,-955,-955,-586,-586,0.4355033074086528
GCAATTGGTGTGCTCTCTC,-1,11963168,-119,-119,250,250,0.4238322249313388
GCTCTGGAGTCTCTCTCTGTGTGT,-1,11963096,-47,-47,322,322,0.42119277607821615
GAGCACACCAATTGCACTT,1,11963140,-91,-91,278,278,0.4096689742813452
GGACAGAGAGCTCATCCT,1,11963231,-182,-182,187,187,0.4087877715090182
GGGATGGCTAGTGAACAG,-1,11963068,-19,-19,350,350,0.4078538346914608
GAGAGAGCACACCAATTGCACT,1,11963141,-92,-92,277,277,0.4060483978843338
GGAGTCTCTCTCTGTGTGT,-1,11963096,-47,-47,322,322,0.39300503190551916
GAGGGAAAACAGAAGAAAATC,-1,11962054,995,995,1364,1364,0.39079540624248077
GTGCAATTGGTGTGCTCTCTCT,-1,11963169,-120,-120,249,249,0.3886614791559477
GGGAAAACAGAAGAAAATC,-1,11962054,995,995,1364,1364,0.387646264961309
GTAGGAGGGATGGCTAGTGAACAG,-1,11963068,-19,-19,350,350,0.38386440713812076
GGAGGGATGGCTAGTGAACAG,-1,11963068,-19,-19,350,350,0.37977779186134264
GGAGTCTCTCTCTGTGTG,-1,11963095,-46,-46,323,323,0.37947274235434547
GAGAGCACACCAATTGCACT,1,11963141,-92,-92,277,277,0.37866851691160125
GTGCAATTGGTGTGCTCTCTC,-1,11963168,-119,-119,250,250,0.3758370152843019
GAGAGAGCACACCAATTGCACTT,1,11963140,-91,-91,278,278,0.3749118134893664
GAGCACACCAATTGCACT,1,11963141,-92,-92,277,277,0.3661655772620412
GGCACACAAAATCTAAAA,-1,11963985,-936,-936,-567,-567,0.36276366275114547
GAAATATTGGGATAATTGTAGG,-1,11963049,0,0,369,369,0.3566270172958025
GCGAGCAGAGAGAGAGAGTTTCTC,1,11963109,-60,-60,309,309,0.3506402198995912
GTGAGGGAAAACAGAAGAAAAT,-1,11962053,996,996,1365,1365,0.3383329753670733
GAAACTCTCTCTCTCTGCTCG,-1,11963137,-88,-88,281,281,0.32623853267705194
GGCATCTGGGGACAGCTG,-1,11963318,-269,-269,100,100,0.32574726030183593
GGATAATTGTAGGAGGGA,-1,11963054,-5,-5,364,364,0.32229493679886945
GGGAAAACAGAAGAAAAT,-1,11962053,996,996,1365,1365,0.3218273817436401
GAGAGCACACCAATTGCACTT,1,11963140,-91,-91,278,278,0.31964497364710087
GGGGCATCTGGGGACAGC,-1,11963316,-267,-267,102,102,0.3187701390025935
GTGAGGGAAAACAGAAGAAAATC,-1,11962054,995,995,1364,1364,0.31712689275101774
GTTTCTCAAAAAACGGAAAAATGAC,1,11962864,185,185,554,554,0.3138908332969944
GAAATATTGGGATAATTGTAGGA,-1,11963050,-1,-1,368,368,0.31142338481171195
GGTCTTTGGTAGCTTATC,1,11962796,253,253,622,622,0.30914824721994255
GCCACAAAATGTGTGAAATAT,-1,11963034,15,15,384,384,0.30452990118353424
GGGGCATCTGGGGACAGCT,-1,11963317,-268,-268,101,101,0.30029616907207296
GAGCAGAGAGAGAGAGTTTCTC,1,11963109,-60,-60,309,309,0.30000463237265407
GCATTGGACAGAGAGCTCATCCT,1,11963231,-182,-182,187,187,0.296826074303221
GCAGTTATATTCGGTTATT,-1,11963900,-851,-851,-482,-482,0.2950478990066007
GGGGCATCTGGGGACAGCTG,-1,11963318,-269,-269,100,100,0.2949803694650057
GTCCCCAGATGCCCCATCAAAA,1,11963286,-237,-237,132,132,0.29464730418518814
GTGAAATATTGGGATAATTGTAGG,-1,11963049,0,0,369,369,0.2936196567699435
GGGCATCTGGGGACAGCT,-1,11963317,-268,-268,101,101,0.2907621824730429
GTGAAATATTGGGATAATTGTAGGA,-1,11963050,-1,-1,368,368,0.2901164507124512
GTGTGAAATATTGGGATAATTGT,-1,11963046,3,3,372,372,0.29001516280611306
GCAAGTTTCCGGAATTGAAATTTC,1,11962477,572,572,941,941,0.2896083464995035
GGCACATTGCCGGAATCAAAATTTC,1,11962424,625,625,994,994,0.28694438021638347
GAAACTTTCCGGAATCGAAATTTC,1,11962325,724,724,1093,1093,0.2840490749764709
GGGATAATTGTAGGAGGGA,-1,11963054,-5,-5,364,364,0.2826057060444554
GGTCTTTGGTAGCTTATCT,1,11962795,254,254,623,623,0.28163489153261073
GGGCATCTGGGGACAGCTG,-1,11963318,-269,-269,100,100,0.28116675747078984
GGCAAGTTTCCGGAATTGAAATTTC,1,11962477,572,572,941,941,0.2806614483992093
GCAGAGAGAGAGAGTTTCTC,1,11963109,-60,-60,309,309,0.2746204853994556
GAGAAACTCTCTCTCTCTGCTCG,-1,11963137,-88,-88,281,281,0.2722601784806141
GCACATTGCCGGAATCAAAATTTC,1,11962424,625,625,994,994,0.2710030032849868
GTCTCTCTCTGTGTGTGGGTTGAA,-1,11963104,-55,-55,314,314,0.2642287100505397
GAAATATTGGGATAATTGT,-1,11963046,3,3,372,372,0.25626467562206073
GCCACAAAATGTGTGAAATATT,-1,11963035,14,14,383,383,0.253617924979434
GTCTTTGGTAGCTTATCT,1,11962795,254,254,623,623,0.2534538808216594
GCCGAATTTGCCGGAAAAAA,1,11962549,500,500,869,869,0.2527492905058142
GATATGTTTCTTGAGATCAG,-1,11963211,-162,-162,207,207,0.24787771216094262
GTGTGGGTTGAAAGGATTTC,-1,11963112,-63,-63,306,306,0.244514848807302
GATAGTACATTGAATAATT,-1,11963282,-233,-233,136,136,0.24414209360625586
GCAGTTATATTCGGTTATTA,-1,11963901,-852,-852,-483,-483,0.24286124847328433
GTGGGTTGAAAGGATTTC,-1,11963112,-63,-63,306,306,0.23683668624907536
GATTTTCCGGAAATTTCAATTC,-1,11962495,554,554,923,923,0.236655744018466
GCTGTCCCCAGATGCCCCATCAAAA,1,11963286,-237,-237,132,132,0.23510230947074143
GGCAAATCATCAAAATTGACAATGC,1,11962511,538,538,907,907,0.2349741470590332
GCAATACCGGTGATTTGC,-1,11962427,622,622,991,991,0.23466276876216163
GAATCAAAATTTCCGGCAAATCAC,1,11962413,636,636,1005,1005,0.22989463538630622
GAGATCAGTGGAGCCGGGAGAGG,-1,11963226,-177,-177,192,192,0.22551598012800972
GATAAAAATTCAAATTTC,-1,11962867,182,182,551,551,0.22157957361345665
GGAAAAAACGGCAAAATTTC,1,11962537,512,512,881,881,0.21951198910528413
GAGATCAGTGGAGCCGGGAG,-1,11963223,-174,-174,195,195,0.21683810117375768
GTGAAATATTGGGATAATTGT,-1,11963046,3,3,372,372,0.21344807596187232
GGCAAATCAGCAGATTAC,1,11962243,806,806,1175,1175,0.21339049392111134
GTGTGTGGGTTGAAAGGATTTC,-1,11963112,-63,-63,306,306,0.21282773456678153
GCCAGAAAATCGGCACATTGC,1,11962439,610,610,979,979,0.2108116373758351
GGTATGTATTAATACATACAAGAAA,1,11963622,-573,-573,-204,-204,0.20877877820778223
GATCAGTGGAGCCGGGAGAGG,-1,11963226,-177,-177,192,192,0.20697431146400508
GATATTTTAATTCAAATTCCA,1,11963397,-348,-348,21,21,0.20150026931223328
GCCGAAAAACGGCAAATTAC,1,11962377,672,672,1041,1041,0.19923984584715196
GGCAATTTGCTGATTTTC,-1,11962480,569,569,938,938,0.1985150849453017
GATGGGGCATCTGGGGACAGCTG,-1,11963318,-269,-269,100,100,0.19007032215500605
GATGGGGCATCTGGGGACAGC,-1,11963316,-267,-267,102,102,0.1864718766865647
GATGGGGCATCTGGGGACAGCT,-1,11963317,-268,-268,101,101,0.18632826390765725
GGAGAAACTCTCTCTCTCTGCTCG,-1,11963137,-88,-88,281,281,0.18615591962559241
GAAACTGATTACCGCATTTT,1,11962647,402,402,771,771,0.18505271151066408
GTAGATTTCTATCCGAAATACT,1,11962907,142,142,511,511,0.18318624890147928
GATCAGTGGAGCCGGGAG,-1,11963223,-174,-174,195,195,0.18097456826491645
GGAAACTTGCCGATTTGC,-1,11962514,535,535,904,904,0.18090241754568415
GATTTCTATCCGAAATACT,1,11962907,142,142,511,511,0.18035656651545712
GTATTGCCGAATTTGCCGGAAAAAA,1,11962549,500,500,869,869,0.1757982184300338
GCGGTAATCAGTTTCGAAG,-1,11962676,373,373,742,742,0.17498590783590187
GTTTTTCGGCAAACTCGGCAATAC,-1,11962416,633,633,1002,1002,0.17488532793882133
GGCAATACCGGTGATTTGC,-1,11962427,622,622,991,991,0.17464187849371443
GAAAAAACGGCAAAATTTC,1,11962537,512,512,881,881,0.1735953277797414
GTATTAATACATACAAGAAA,1,11963622,-573,-573,-204,-204,0.1730823849110558
GCAAAAGTTTGCGATTTTC,-1,11962646,403,403,772,772,0.16801160725205536
GGAATTGAAATTTTCGACAAGTTGC,1,11962576,473,473,842,842,0.1671689033394653
GAATCCATTTTGATGGGGCATCTG,-1,11963308,-259,-259,110,110,0.16180402337853736
GAATAGCATTAATTGAAATT,-1,11964065,-1016,-1016,-647,-647,0.16037005157204476
GCTTCGAAACTGATTACCGCATTTT,1,11962647,402,402,771,771,0.15998049080608945
GTATCAAACAAATTTCAAGCCG,1,11962935,114,114,483,483,0.15973144985142215
GCAAATCATCAAAATTGACAATGC,1,11962511,538,538,907,907,0.15927241293826072
GTAATTTGCCGGAAATTTCGATTC,-1,11962343,706,706,1075,1075,0.15807759337270125
GGCAATAGAGGTAATTTGC,-1,11962328,721,721,1090,1090,0.15552483963376929
GCGTTTGCAACAAATCAAGTATT,1,11962718,331,331,700,700,0.15521285196990015
GCCGAGTTTGCCGAAAAAA,1,11962351,698,698,1067,1067,0.15448006793672858
GCGATTTTCGGGCCAAAAATG,-1,11962658,391,391,760,760,0.15328400892717384
GAAAAAACGGAAACTTTC,1,11962340,709,709,1078,1078,0.15222078991522672
GGTATTGCCGAGTTTGCCGAAAAA,1,11962388,661,661,1030,1030,0.15219631860836424
GAAAATTGTCGATTTTTGGTCTT,1,11962808,241,241,610,610,0.15088246126687252
GAAAAGTTTCTCAAAAAA,1,11962876,173,173,542,542,0.14794891515403713
GAATCCATTTTGATGGGGCATC,-1,11963306,-257,-257,112,112,0.1423142743335315
GGTATTGCCGAGTTTGCCGAAAAAA,1,11962351,698,698,1067,1067,0.1375574590337513
GATTTGCCGGAAATTTTGATTC,-1,11962442,607,607,976,976,0.13596770817510895
GGCAATTTGACGATTTAC,-1,11962299,750,750,1119,1119,0.13554229573037296
GACACATTACACTTTTATGATAGGC,-1,11963345,-296,-296,73,73,0.13478032181391453
GCAATAGAGGTAATTTGC,-1,11962328,721,721,1090,1090,0.1343688409597971
GGCAAATCGGCAAGTTTC,1,11962492,557,557,926,926,0.13376504026999061
GAGCCGGGAGAGGAGGAGCTCCG,-1,11963236,-187,-187,182,182,0.1314641105327211
GACACATTACACTTTTATGAT,-1,11963341,-292,-292,77,77,0.13101647824491516
GTTTCTTGAGATCAGTGGAGC,-1,11963217,-168,-168,201,201,0.1297162428196655
GCCGGGAGAGGAGGAGCTCCG,-1,11963236,-187,-187,182,182,0.12970928281618996
GGATAAAAATTCACAAAAATT,-1,11963452,-403,-403,-34,-34,0.12926874798690355
GAATCCATTTTGATGGGGCATCT,-1,11963307,-258,-258,111,111,0.12825232482418386
GATAAAAATTCACAAAAATT,-1,11963452,-403,-403,-34,-34,0.12817245357686782
GAAAATCAGCAAATTGCCAGAAAAT,1,11962450,599,599,968,968,0.12389616889456823
GGTAATCTGCTGATTTGC,-1,11962265,784,784,1153,1153,0.12374162378418961
GGACACATTACACTTTTATGAT,-1,11963341,-292,-292,77,77,0.12173790497407842
GCCGGAAAAAACGGCAAAATTTC,1,11962537,512,512,881,881,0.12171253587002095
GCAATTTGCATTTATTCCT,-1,11963402,-353,-353,16,16,0.11766564248583532
GGAATCCATTTTGATGGGGCATC,-1,11963306,-257,-257,112,112,0.11747591659164326
GGTAATTTGCCGGAAATTTCGATTC,-1,11962343,706,706,1075,1075,0.11717408422192974
GACGCAAAAGTTTGCGATTTT,-1,11962645,404,404,773,773,0.1160474615678102
GTGAATTTAGCCATTTGCGT,1,11963568,-519,-519,-150,-150,0.1153656605575214
GCATAAATCAAGTTTTCTTCA,-1,11963699,-650,-650,-281,-281,0.1152841767568012
GGAATCCATTTTGATGGGGCATCTG,-1,11963308,-259,-259,110,110,0.11527660559951575
GGAATCAAAATTTCCGGCAAATCAC,1,11962413,636,636,1005,1005,0.11340169285020706
GACGCAAAAGTTTGCGATTTTC,-1,11962646,403,403,772,772,0.11097518339054521
GTTTTTGGTATAAAAAAC,1,11962102,947,947,1316,1316,0.11032748039016949
GAAATTTTCGACAAGTTGC,1,11962576,473,473,842,842,0.10816976228504993
GGAAACTTTCCGGAATCGAAATTTC,1,11962325,724,724,1093,1093,0.10814201138106509
GTTTGCAACAAATCAAGTATT,1,11962718,331,331,700,700,0.10762991212221679
GTGAATTTAGCCATTTGCG,1,11963569,-520,-520,-151,-151,0.10628876071468858
GTATTGCCGAGTTTGCCGAAAAAA,1,11962351,698,698,1067,1067,0.10595311842070004
GAATTGAAATTTTCGACAAGTTGC,1,11962576,473,473,842,842,0.10551020786863041
GTATTGCCGAGTTTGCCGAAAAA,1,11962388,661,661,1030,1030,0.10535459283682755
GTATTTGGCTGTAATATTT,1,11962704,345,345,714,714,0.10521858196599979
GCATTTGATAGTACATTGAATAATT,-1,11963282,-233,-233,136,136,0.1050365045954272
GATTTTTGGTCTTTGGTAGCTTATC,1,11962796,253,253,622,622,0.10415772577326438
GTTTCTTGAGATCAGTGGAGCC,-1,11963218,-169,-169,200,200,0.10399144132573843
GCCGAGTTTGCCGAAAAA,1,11962388,661,661,1030,1030,0.10221319602640735
GATTCCGGAAAGTTTCCGTTTTTT,-1,11962362,687,687,1056,1056,0.10201971343578693
GGAATCCATTTTGATGGGGCATCT,-1,11963307,-258,-258,111,111,0.10201911404547519
GATTTTCGGGCCAAAAATG,-1,11962658,391,391,760,760,0.10177053852247993
GCAAACTTTTGCGTCTAAAAT,1,11962613,436,436,805,805,0.1000243652425508
GGCAATGTGCCGATTTTC,-1,11962461,588,588,957,957,0.09874943247260559
GCCGAAAAAACGGAAACTTTC,1,11962340,709,709,1078,1078,0.09780081602869277
GAATAATTCGGAATCCATTTTGATG,-1,11963299,-250,-250,119,119,0.0971271196311029
GAATAATTCGGAATCCATTTTGAT,-1,11963298,-249,-249,120,120,0.09587543610252107
GAATAATTCGGAATCCATTTTGA,-1,11963297,-248,-248,121,121,0.0941356403158304
GATGTGATCATTGATTATTTATT,-1,11963370,-321,-321,48,48,0.09360387856736772
GAAATTTTGCCGTTTTTTC,-1,11962561,488,488,857,857,0.09354033535897521
GTCAATTTTGATGATTTGC,-1,11962540,509,509,878,878,0.0930323882588448
GGAGCCGGGAGAGGAGGAGCTCCG,-1,11963236,-187,-187,182,182,0.09183140636644177
GTAAATTCGCGCCATTTGCG,-1,11963790,-741,-741,-372,-372,0.09165842812027256
GGCTGTAATATTTTGGCACAT,1,11962696,353,353,722,722,0.09002850887536912
GATTTACCGGCAAACTCGGCAATAG,-1,11962317,732,732,1101,1101,0.08988930069387135
GTTTGCCGAAAAAACGGAAACTTTC,1,11962340,709,709,1078,1078,0.08970925848940009
GGGAGAGGAGGAGCTCCG,-1,11963236,-187,-187,182,182,0.08923431296207075
GTGATCATTGATTATTTATT,-1,11963370,-321,-321,48,48,0.08458124865746322
GGATGTGATCATTGATTATTTATT,-1,11963370,-321,-321,48,48,0.08248555131188406
GTTTCCGGAATTGAAATTTC,1,11962477,572,572,941,941,0.08138733134393668
GTATGTATTAATACATACAAGAAA,1,11963622,-573,-573,-204,-204,0.08109460564560615
GCCAGTTTTTGGTATAAAAAAC,1,11962102,947,947,1316,1316,0.08023511941691562
GAAAATTTTTAAACAGTTATATT,1,11963501,-452,-452,-83,-83,0.07796449737687627
GGCCTTTTTAGATTTTGTGTGCCTT,1,11963960,-911,-911,-542,-542,0.07767046567273009
GTAAATTCGCGCCATTTGCGC,-1,11963791,-742,-742,-373,-373,0.07703034778729032
GTGATTTGCCGGAAATTTTGATTC,-1,11962442,607,607,976,976,0.07692252396591952
GCAATACCGGTAATTTGCCGTTTTT,-1,11962398,651,651,1020,1020,0.0724296708145892
GCTGTTCTAGACACATTTTA,-1,11962208,841,841,1210,1210,0.07195871393602805
GTTTGCCGAAAAACGGCAAATTAC,1,11962377,672,672,1041,1041,0.07161219236305993
GCCGGTATTGCCGAATTTGC,1,11962558,491,491,860,860,0.07159773586411515
GGATGTGATCATTGATTATTTATTC,-1,11963371,-322,-322,47,47,0.07077770209055492
GCTGTAATATTTTGGCACAT,1,11962696,353,353,722,722,0.06589313652182391
GGCCAGTTTTTGGTATAAAAAAC,1,11962102,947,947,1316,1316,0.06573958453821944
GGATTTTATTCGTTTTTG,-1,11962073,976,976,1345,1345,0.0639430736671805
GGCTGTAATATTTTGGCACATT,1,11962695,354,354,723,723,0.06386780542693088
GCCGTTTTTTCCGGCAAATT,-1,11962570,479,479,848,848,0.0632704276187161
GGGGACACATTACACTTTTATGAT,-1,11963341,-292,-292,77,77,0.0629576297314481
GAATTAAAATATCGAATTTC,-1,11963430,-381,-381,-12,-12,0.06284386951217084
GATCATTGATTATTTATTC,-1,11963371,-322,-322,47,47,0.062024449867381315
GGCATTGTCAATTTTGATGATTTGC,-1,11962540,509,509,878,878,0.061962864302160435
GCCTTTTTAGATTTTGTGTGCCTT,1,11963960,-911,-911,-542,-542,0.061626637801214294
GTAATATTTTGGCACATT,1,11962695,354,354,723,723,0.05954868320015277
GTTTGCGATTTTCGGGCCAAAAATG,-1,11962658,391,391,760,760,0.059205126045509336
GCCGTTTTTCGGCAAACT,-1,11962407,642,642,1011,1011,0.058556172319312545
GGGACACATTACACTTTTATGAT,-1,11963341,-292,-292,77,77,0.056867593279597554
GGTGATTTGCCGGAAATTTTGATTC,-1,11962442,607,607,976,976,0.054467507687211224
GAATTTAGCCATTTGCGT,1,11963568,-519,-519,-150,-150,0.05258883315123887
GCCGGAAATTTTGCCGTTTTTTC,-1,11962561,488,488,857,857,0.05243596346210902
GCCTTTTTCAGTTTAAAATC,-1,11962105,944,944,1313,1313,0.05190817897432254
GTGATCATTGATTATTTATTC,-1,11963371,-322,-322,47,47,0.0490321403638933
GTTTTTTATACCAAAAAC,-1,11962125,924,924,1293,1293,0.04748427407122
GGAAAGTTTCCGTTTTTT,-1,11962362,687,687,1056,1056,0.04714094907523234
GATCATTGATTATTTATT,-1,11963370,-321,-321,48,48,0.04578279351573185
GATGTGATCATTGATTATTTATTC,-1,11963371,-322,-322,47,47,0.042854190838563705
GCTGATTTTCCGGAAATTTCAATTC,-1,11962495,554,554,923,923,0.04169429177339905
GGTTTTTTATACCAAAAAC,-1,11962125,924,924,1293,1293,0.04078712850389992
GCATTGTCAATTTTGATGATTTGC,-1,11962540,509,509,878,878,0.03931127528035165
GTTTTTTCGGCAAACTCGGCAATAC,-1,11962380,669,669,1038,1038,0.03846649291850136
GTTGCCGGTATTGCCGAATTTGC,1,11962558,491,491,860,860,0.03458672706540983
GGAAATTTTGCCGTTTTTTC,-1,11962561,488,488,857,857,0.03169867925333966
GCTGTAATATTTTGGCACATT,1,11962695,354,354,723,723,0.030378584895920737
GATTTGCCGGAAATTTTAATTC,-1,11962280,769,769,1138,1138,0.02912229707537781
GACGATTTACCGGCAAACT,-1,11962308,741,741,1110,1110,0.0287044919901935
GCCGGCAAATCGGCAAGTTTC,1,11962492,557,557,926,926,0.021402260921744635
GGGATTTTATTCGTTTTTG,-1,11962073,976,976,1345,1345,0.017311749592085344
GCTGATTTGCCGGAAATTTTAATTC,-1,11962280,769,769,1138,1138,0.011789145977742702
GGAAAAATCGATTTTTCTAATGAAC,1,11962126,923,923,1292,1292,-0.011911114146302955
GTTTCCGTTTTTTCGGCAAACT,-1,11962371,678,678,1047,1047,-0.025654153777833616
GTAATTTGCCGTTTTTCGGCAAACT,-1,11962407,642,642,1011,1011,-0.026280022442311875
GAAAACTTGATTTATGCATTTTTTC,1,11963665,-616,-616,-247,-247,-0.033201642272560686
GTCAAATTGCCAGAATTAAAATTTC,1,11962262,787,787,1156,1156,-0.04447770143390953
GATTCCGGCAATGTGCCGATTTTC,-1,11962461,588,588,957,957,-0.04856467833253278
GAAAAATCGATTTTTCTAATGAAC,1,11962126,923,923,1292,1292,-0.05470949741912704
GCAAAAGTTTGCGATTTT,-1,11962645,404,404,773,773,-0.05575744970372986
