seq,strand,PAMloc,PAMdist_prim,PAMdist_sec
GGAGAAACTCTCTCTCTCTGCTCG,1,11963137,-88,281
GAGAAACTCTCTCTCTCTGCTCG,1,11963137,-88,281
GAAACTCTCTCTCTCTGCTCG,1,11963137,-88,281
GTGTGTGGGTTGAAAGGATTTC,1,11963112,-63,306
GTGTGGGTTGAAAGGATTTC,1,11963112,-63,306
GTGGGTTGAAAGGATTTC,1,11963112,-63,306
GTCTCTCTCTGTGTGTGGGTTGAA,1,11963104,-55,314
GCTCTGGAGTCTCTCTCTGTGTGT,1,11963096,-47,322
GGAGTCTCTCTCTGTGTGT,1,11963096,-47,322
GAGTCTCTCTCTGTGTGT,1,11963096,-47,322
GTGCTCTGGAGTCTCTCTCTGTGTG,1,11963095,-46,323
GCTCTGGAGTCTCTCTCTGTGTG,1,11963095,-46,323
GGAGTCTCTCTCTGTGTG,1,11963095,-46,323
GGATGGCTAGTGAACAGAGGTGCTC,1,11963076,-27,342
GATGGCTAGTGAACAGAGGTGCTC,1,11963076,-27,342
GGCTAGTGAACAGAGGTGCTC,1,11963076,-27,342
GCTAGTGAACAGAGGTGCTC,1,11963076,-27,342
GTAGGAGGGATGGCTAGTGAACAG,1,11963068,-19,350
GGAGGGATGGCTAGTGAACAG,1,11963068,-19,350
GAGGGATGGCTAGTGAACAG,1,11963068,-19,350
GGGATGGCTAGTGAACAG,1,11963068,-19,350
GGGATAATTGTAGGAGGGA,1,11963054,-5,364
GGATAATTGTAGGAGGGA,1,11963054,-5,364
GTGAAATATTGGGATAATTGTAGGA,1,11963050,-1,368
GAAATATTGGGATAATTGTAGGA,1,11963050,-1,368
GTGAAATATTGGGATAATTGTAGG,1,11963049,0,369
GAAATATTGGGATAATTGTAGG,1,11963049,0,369
GTGTGAAATATTGGGATAATTGT,1,11963046,3,372
GTGAAATATTGGGATAATTGT,1,11963046,3,372
GAAATATTGGGATAATTGT,1,11963046,3,372
GCCACAAAATGTGTGAAATATT,1,11963035,14,383
GCCACAAAATGTGTGAAATAT,1,11963034,15,384
GCGAGCAGAGAGAGAGAGTTTCTC,-1,11963109,-60,309
GAGCAGAGAGAGAGAGTTTCTC,-1,11963109,-60,309
GCAGAGAGAGAGAGTTTCTC,-1,11963109,-60,309
